Cargo,Empresa
None,Cortex
Engenheiro de Machine Learning (Remoto/Brasil),Programmer’s
ECS I Engenheiro de Machine Learning I Especialista,Experian
None,None
Pessoa Engenheira de Machine Learning,ViaHub
Cientista de Dados/Engenheiro Machine Learning,Indra
Engenheiro(a) de Machine Learning Sênior,Weni
Pessoa Engenheira de Machine Learning | Big Data & AI,Globo
ENGENHEIRO DE MACHINE LEARNING,ROIT
None,Neoway
Engenheiro de Machine Learning,HPROJEKT
Engenheiro de Machine Learning / Engenheiro de Dados,DOMVS SERVICE IT
Pessoa Engenheira de Machine Learning SR,Feel Tech RH
